节点,延迟 (ms)
vmess_20250124_688,133
vmess_20250124_689,211
ss_20250124_550,225
ss_20250124_552,239
ss_20250124_649,333
trojan_20250124_122,360
vmess_20250124_694,426
ss_20250124_4,450
ss_20250124_637,458
ss_20250124_693,473
vmess_20250124_185,413
ss_20250124_807,489
ss_20250124_207,503
vmess_20250124_34,438
ss_20250124_690,515
ss_20250124_215,532
ssr_20250124_769,528
ss_20250124_796,557
ss_20250124_218,578
ss_20250124_80,589
vmess_20250124_19,535
ssr_20250124_691,613
vmess_20250124_182,562
ss_20250124_222,669
vmess_20250124_183,667
trojan_20250124_128,638
ss_20250124_219,703
trojan_20250124_562,714
trojan_20250124_130,673
ss_20250124_639,721
ss_20250124_566,766
ss_20250124_537,778
trojan_20250124_121,771
vmess_20250124_695,946
trojan_20250124_538,1078
ss_20250124_204,1181
ss_20250124_94,1209
ss_20250124_97,1225
ss_20250124_221,1485
ss_20250124_36,1496
ss_20250124_41,1530
ss_20250124_200,1537
vmess_20250124_524,1585
ss_20250124_37,1833
ss_20250124_197,1854
trojan_20250124_105,1822
ss_20250124_201,1870
trojan_20250124_530,1900
trojan_20250124_531,1905
ss_20250124_210,1937
vmess_20250124_764,1824
ssr_20250124_762,1918
ss_20250124_196,2019
ss_20250124_33,2023
trojan_20250124_561,2073
ss_20250124_42,2163
ss_20250124_198,2350
ss_20250124_38,2352
ss_20250124_549,2421
ss_20250124_809,2660
ss_20250124_82,2842
ss_20250124_44,2867
ss_20250124_202,3036
ss_20250124_43,3060
ss_20250124_199,3307
ss_20250124_96,3582
ss_20250124_39,3650
ssr_20250124_743,3821
vmess_20250124_184,3801
ss_20250124_88,4122
ss_20250124_109,4141
vmess_20250124_32,4075
ss_20250124_535,4556
